incident_id,title,link,description,pubDate,first_seen
242447,242447 : I-64 East-West between MM 11.0 and 11.8 Between I-264 and Cannons Lane in Jefferson County,https://www.trimarc.org,"Construction / Road Work : Traffic Impacts: Traffic is in its final configuration. Lane closures are possible as final items as part of the project are underway. Date/Time: Daily/nightly. Project Limits: I-64 East and West at mile point 11.799, near Exit 10 (Cannons Lane) on I-64 West, and near Exit 12 to I-264 (Watterson Expressway) on I-64 East. Type of Work:Bridge replacement project.","Sun, 30 Mar 2025 00:27:41 GMT",2026-06-14T19:03:44Z
254857,254857 : I-264 East-West between MM 21.5 and 22.9 Area of US-42 in Jefferson County,https://www.trimarc.org,"Construction / Road Work : UPDATE (March 23, 2026) – The Kentucky Transportation Cabinet (KYTC) advises motorists of overnight lane and ramp closures on Interstate 264 East and West (Watterson Expressway) beginning Tuesday, March 24, as part of the $130 million widening and improvement project of I-264 and U.S. 42 (Brownsboro Road) [links-1.govdelivery.com]. Beginning Tuesday, March 24, at 8 p.m., through Wednesday, March 25, at 6 a.m.: Alternating lane closures will occur on I-264 East and West between mile markers 23 and 22 (from the I-264/I-71 split to U.S. 42/Brownsboro Road). Beginning Wednesday, March 25, at 8 p.m., through Thursday, March 26, at 6 a.m.: The I-264 East ramp to I-71 South will be closed. Motorists should continue on I-264 East, take I-71 North, then follow I-265 North to reconnect with I-71 South. Alternating lane closures will occur on I-264 East between mile markers 23 and 22 (from the I-264/I-71 split to U.S. 42/Brownsboro Road). Motorists should heed signage, use caution when traveling through the work zone, and plan ahead for travel delays. The highway improvement project is expected to be completed by the Fall of 2027. More details, including project timelines and traffic impacts [links-1.govdelivery.com], will be shared online as work progresses. Motorists are encouraged to sign up for email or text alerts [links-1.govdelivery.com] regarding weekly traffic impacts pertaining to the project.","Tue, 15 Jul 2025 04:02:03 GMT",2026-06-14T19:03:44Z
274845,274845 : I-64 East-West between MM 32.2 and 38.3 Area of KY 53 / Mt. Eden Road in Shelby County,https://www.trimarc.org,"Construction / Road Work : Traffic is currently shifted to the outside shoulders on I-64 East and West from mile point 32.29 to mile point 38.3 as contract crews continue work in the middle lanes as part of the widening of the interstate. ​Contract crews are currently reconstructing the KY 53 bridge over I-64. For additional information, please visit: https://transportation.ky.gov/DistrictFive/Pages/I-64-Widening-and-Improvement-Project-Weekly-Traffic-Impacts.aspx","Thu, 08 Jan 2026 17:03:55 GMT",2026-06-14T19:03:44Z
269220,269220 : I-71 North-South between MM 0.1 and 2.0 Between I-64/I-71 Interchange and Zorn Ave. in Jefferson County,https://www.trimarc.org,"Construction / Road Work : (March 17, 2026) – Overnight single lane closures are scheduled on Interstate 71 North and South in Louisville for six nights beginning Thursday, March 19, as contract crews perform pavement repairs along the I-71 Widening and Improvement Project [links-1.govdelivery.com] corridor. Traffic is currently shifted to the outside shoulders on both northbound and southbound I-71 to provide crews adequate space to safely prepare for future widening work. Beginning Thursday, March 19, contract crews will remove the existing asphalt and install new pavement in the right lanes between the I-65/I-71 interchange near Frankfort Avenue and the I-71/Zorn Avenue interchange. Overnight closures of the right lane on I-71 North: From 8 p.m. Thursday, March 19, to 5 a.m. Friday, March 20 From 8 p.m. Friday, March 20, to 5 a.m. Saturday, March 21 From 8 p.m. Sunday, March 22, to 5 a.m. Monday, March 23 Overnight closures of the right lane on I-71 South: From 8 p.m. Monday, March 23, to 5 a.m. Tuesday, March 24 From 8 p.m. Tuesday, March 24, to 5 a.m. Wednesday, March 25 From 8 p.m. Wednesday, March 25, to 5 a.m. Thursday, March 26 (March 25, 2026) – The schedule for overnight single lane closures on Interstate 71 North and South in Louisville for contract crews to perform pavement repairs as part of the I-71 Widening and Improvement Project [links-1.govdelivery.com] has been adjusted due to recent weather conditions and fluctuating temperatures. Traffic is currently shifted to the outside shoulders on both northbound and southbound I-71 between the I-65/I-71 interchange near Frankfort Avenue and the I-71/Zorn Avenue interchange to provide crews adequate space to safely prepare for future widening work. Due to recent weather conditions and fluctuating temperatures, four additional nights of overnight single lane closures are expected as crews continue to perform pavement work on I-71. The adjusted schedule is below. Overnight single lane closures on I-71 North: From 8 p.m. Wednesday, March 25, to 5 a.m. Thursday, March 26 From 8 p.m. Sunday, March 29, to 5 a.m. Monday, March 30 Overnight single lane closures on I-71 South: From 8 p.m. Wednesday, March 25, to 5 a.m. Thursday, March 26 From 8 p.m. Thursday, March 26, to 5 a.m. Friday, March 27 From 8 p.m. Friday, March 27, to 5 a.m. Saturday, March 28 From 8 p.m. Sunday, March 29, to 5 a.m. Monday, March 30 These repairs are intended to improve ride quality for motorists. Recent heavy rainfall and fluctuating temperatures caused the asphalt pavement to deteriorate prematurely. All work being performed is part of the $50 million I-71 widening and improvement project. The two-year project will increase capacity for the corridor from four lanes to six lanes, easing traffic congestion, increasing safety, and improving efficiency. The interstate project is expected to be completed by the fall of 2027. The work is being carried out by Haydon Bridge Co. Inc. of Springfield, Kentucky. More details, including project timelines and traffic impacts, will be shared online as work progresses [links-1.govdelivery.com]. Motorists are encouraged to sign up for email alerts regarding traffic impacts pertaining to the project [links-1.govdelivery.com]. The date and duration of this work may be adjusted if inclement weather or other unforeseen delays occur. For the latest traffic and travel updates across the Commonwealth of Kentucky, visit goky.ky.gov [links-1.govdelivery.com]. Information specific to District 5 counties is also available on Facebook [links-1.govdelivery.com] and X [links-1.govdelivery.com].","Mon, 17 Nov 2025 16:59:13 GMT",2026-06-14T19:03:44Z
249893,249893 : I-65 South between MM 137.0 and 136.7 On Kennedy Bridge in Jefferson County,https://www.trimarc.org,"Construction / Road Work : (Feb. 17, 2026) – Work on the John F. Kennedy Memorial Bridge is advancing to the second and final phase of the expansion joint replacement project, which began last year. To assist with the implementation of a traffic shift, rolling roadblocks and lane closures are scheduled to begin Friday, Feb. 20. Contract crews have completed the replacement of the expansion joints in the right three lanes, allowing work to advance to replacing expansion joints in the left three lanes of the bridge. To safely shift traffic and begin the final phase of work, rolling roadblocks and lane closures will take place on Interstate 65 South on the Kennedy Bridge beginning at 7 p.m. on Friday, Feb. 20, continuing through 6 p.m. on Saturday, Feb. 21. During this time, traffic on southbound I-65 will be reduced to the right two lanes to allow contract crews to safely shift all traffic. As part of this transition, the I-65 South to I-64 West ramp, which has been closed to support work on the southernmost expansion joint, will reopen. Following this weekend’s traffic changes, all traffic will be using the right three lanes while work takes place in the left three lanes to replace the remaining expansion joints. This traffic pattern will remain in place through project completion. Overnight closures of the bridge are expected during the final phase of the project. The overnight closures are necessary to prevent any bridge movement while contract crews perform steel repairs underneath the roadway. This work involves precision machining, known as line boring, and the bridge must remain free of traffic to ensure the accuracy and alignment of the repairs. Additional details on upcoming overnight closures will be shared when available. The date and duration of this work may be adjusted if inclement weather or other unforeseen delays occur. For the latest traffic and travel updates across the Commonwealth of Kentucky, visit goky.ky.gov [links-1.govdelivery.com]. Information specific to District 5 counties is also available on Facebook [links-1.govdelivery.com] and X [links-1.govdelivery.com].","Mon, 02 Jun 2025 12:43:00 GMT",2026-06-14T19:03:44Z
283993,283993 : I-71 North-South between MM 52.7 and 57.3 Between Exit 55 and Exit 62 in Gallatin County,https://www.trimarc.org,"Construction / Road Work : A widening project aimed at reducing congestion and improving safety on I-71 in Carroll and Gallatin counties is in progress. The project will widen I-71 from its configuration of two lanes in each direction, to three lanes. Beginning at 7 p.m. on Sunday, April 12, crews will perform ramp work, including milling and paving operations, ramp widening and shoulder work. Due to the scope of work, these ramps will be closed continuously for an extended period during this phase of the project. I-71 southbound off-ramp to Exit 55 (KY 1039) Exit 57 (KY 35/Sparta Pike) on-ramp to I-71 southbound A signed detour will be in place utilizing Boone Road (KY 465). Weather permitting, these ramp closures are expected to wrap up by Sunday, April 26. We will advise if more time is needed to complete the work. Additionally, a single lane closure on I-71 southbound between Exit 55 and Exit 57 will begin at 7 p.m. on Sunday, April 12, to allow crews to adjust the barrier wall. The lane is expected to reopen by 8 a.m. on Monday, April 13.​ *** Traffic on I-71 southbound has shifted onto newly constructed pavement in the median area while crews reconstruct the original southbound lanes. During this phase, crews are removing the existing pavement and completing shoulder work on I-71 southbound. This widening project includes a bridge replacement over KY 47. The current bridges will be replaced with a new, single span bridge matching the median widening throughout the project area. The speed limit in the work zone has been reduced to 55 MPH, and law enforcement will be on-site to ensure compliance. Please, drive carefully throughout the work zone. Weather permitting, the overall project is expected to be completed Nov. 1, 2026. *** A portion of ramp widening work has been completed ahead of schedule. The ramps listed below have reopened: I-71 southbound off-ramp to Exit 55 (KY 1039) Exit 57 (KY 35/Sparta Pike) on-ramp to I-71 southbound​ *** Beginning at 7 p.m. on Sunday, April 26, crews will close Exit 55 (KY 1039) on-ramp to I-71 southbound. During the closure, the contractor will perform ramp work, including milling and paving operations, ramp widening and shoulder work. Due to the scope of work, the ramp will be closed continuously for an extended period during this phase of the project. A signed detour will be in place utilizing I-71 northbound to Exit 57 (KY 35/Sparta Pike) to reenter I-71 southbound. Weather permitting, the ramp closure is expected to be in place through Sunday, May 10. Additional updates will be provided if more time is needed to complete the work. Additionally, a single lane closure on I-71 southbound between Exit 55 and Exit 57 will begin at 7 p.m. on Sunday, April 26, to allow crews to adjust the barrier wall. The lane is expected to reopen by 8 a.m. on Monday, April 27.","Mon, 30 Mar 2026 03:48:21 GMT",2026-06-14T19:03:44Z
288246,288246 : I-65 South Ramp to St. Catherine St in Jefferson County,https://www.trimarc.org,Construction / Road Work : The ramp from I-65 South to St. Catherine (Exit 135) will be closed until further notice.,"Mon, 04 May 2026 14:57:46 GMT",2026-06-14T19:03:44Z
292104,292104 : I-65 North between MM 130.0 and 136.0 Between I-264 and Muhammad Ali Boulevard in Jefferson County,https://www.trimarc.org,"Construction / Road Work : I-65 North/South from MM 130 to MM 136 in Jefferson Co. is closed for repairs through July 31, 2026. A two-mile section of southbound I-65 from University Boulevard to the Watterson Expressway (I-264) is expected to reopen to two lanes of traffic by Wednesday, July 1. Detour via I-264 East/West. For downtown access, take the Jefferson St. exit from I-65 South. For additional information, please visit https://i65centralcorridor.com/.","Mon, 01 Jun 2026 04:13:43 GMT",2026-06-14T19:03:44Z
292133,292133 : KY-61 (Preston Hwy) South Ramp to I-264 East in Jefferson County,https://www.trimarc.org,"Construction / Road Work : The I-264 East ramp from KY-61 (Preston Hwy) is closed. For additional information, please visit https://i65centralcorridor.com/.","Mon, 01 Jun 2026 13:32:46 GMT",2026-06-14T19:03:44Z
292138,292138 : I-264 West Ramp from Bank St. in Jefferson County,https://www.trimarc.org,"Construction / Road Work : The I-264 West ramp from Bank Street is closed. For addtional information, please visit https://i65centralcorridor.com/.","Mon, 01 Jun 2026 13:48:18 GMT",2026-06-14T19:03:44Z
292105,292105 : I-65 South between MM 136.0 and 130.0 Between Jefferson Street and I-264 in Jefferson County,https://www.trimarc.org,"Construction / Road Work : I-65 North/South from MM 130 to MM 136 in Jefferson Co. is closed for repairs through July 31, 2026. A two-mile section of southbound I-65 from University Boulevard to the Watterson Expressway (I-264) is expected to reopen to two lanes of traffic by Wednesday, July 1. Detour via I-264 East/West. For downtown access, take the Jefferson St. exit from I-65 South. For additional information, please visit https://i65centralcorridor.com/.","Mon, 01 Jun 2026 04:22:02 GMT",2026-06-14T19:03:44Z
292136,292136 : I-264 East Ramp to Fair and Expo Center in Jefferson County,https://www.trimarc.org,"Construction / Road Work : The I-264 East ramp to the Fair and Expo Center is closed. For additional information, please visit https://i65centralcorridor.com/.","Mon, 01 Jun 2026 13:42:13 GMT",2026-06-14T19:03:44Z
292147,292147 : I-65 North Ramp from KY-61 in Jefferson County,https://www.trimarc.org,"Construction / Road Work : Ramp from KY-61 to I-65 North is closed. For additional information, please visit https://i65centralcorridor.com/","Mon, 01 Jun 2026 15:51:42 GMT",2026-06-14T19:03:44Z
278094,278094 : I-65 North Ramp from Crittenden Drive in Jefferson County,https://www.trimarc.org,"Construction / Road Work : Ramp from Crittenden Drive to I-65 North is closed due to I-65 Central Corridor Project. For additional information, please visist https://i65centralcorridor.com/.","Mon, 09 Feb 2026 18:18:26 GMT",2026-06-14T19:03:44Z
292980,292980 : I-71/75 North Ramp to 12th Street/MLK Jr. Boulevard in Kenton County,https://www.trimarc.org,"Construction / Road Work : (June 5, 2026) – Interstate 71/75 ramp closures and detours in Covington are needed to safely advance construction on the Brent Spence Bridge Corridor Project, which will add interstate lanes, better access, a new companion bridge and convert the existing bridge for local travel to improve safety and increase regional highway capacity. Temporary closures and detours will now begin on Monday, June 8, and will take place in multiple phases. On Monday, June 8, the following closures are expected to take place: I-71/75 northbound off-ramp to 12th Street/MLK Jr. Blvd. (0.0 - 0.28 mile points): this closure will remain in place through Summer 2027. Detour: Traffic will use the I-71/75 northbound 5th Street exit ramp, turn left (north) onto Philadelphia Street, then left onto 4th Street driving west to the I-71/75 southbound ramp to Pike Street. Turn left on to Pike Street, then right on to Simon Kenton Way, then left on to MLK Blvd. KYTC will provide further updates ahead of the closures to inform all road users via the Brent Spence Bridge Corridor project website. [links-1.govdelivery.com] Project schedules are subject to change due to inclement weather or other unforeseen circumstances. For the most current information on road construction in Northern Kentucky, please visit the District 6 Roadshow [links-1.govdelivery.com] or the Driving Northern Kentucky Progress [links-1.govdelivery.com] website. You can also stay informed by following KYTC District 6 on Facebook [links-1.govdelivery.com] and X [links-1.govdelivery.com] (formerly Twitter). For statewide traffic and travel updates, visit GoKY [links-1.govdelivery.com].","Mon, 08 Jun 2026 04:19:58 GMT",2026-06-14T19:03:44Z
292981,292981 : I-71/75 South Ramp from 12th Street/MLK Jr. Boulevard in Kenton County,https://www.trimarc.org,"Construction / Road Work : (June 5, 2026) – Interstate 71/75 ramp closures and detours in Covington are needed to safely advance construction on the Brent Spence Bridge Corridor Project, which will add interstate lanes, better access, a new companion bridge and convert the existing bridge for local travel to improve safety and increase regional highway capacity. Temporary closures and detours will now begin on Monday, June 8, and will take place in multiple phases. On Monday, June 8, the following closures are expected to take place: I-71/75 southbound on-ramp from 12th Street/MLK Jr. Blvd. (0.1 - 0.3 mile points): this closure will remain in place through October 2026. Detour: Traffic will use Pike St/Dixie Highway (U.S. 25) to Kyles Lane (KY 1072), to I-71/75 southbound. The I-71/75 southbound off-ramp to Fifth Street (KY 8) will remain open while W. Third Street in Covington is blocked to thru traffic. Once W. Third Street reopens, the southbound W. Fifth Street off-ramp, as well as Fifth Street from Crescent Avenue to the I-71/75 northbound exit off-ramp west of Philadelphia Street (6.5 - 6.67 mile points) will close. An updated timeline for the reopening of Covington's W. Third Street and closure of the I-71/75 southbound off-ramp to W. Fifth Street will be provided at a later date. KYTC will provide further updates ahead of the closures to inform all road users via the Brent Spence Bridge Corridor project website. [links-1.govdelivery.com] Project schedules are subject to change due to inclement weather or other unforeseen circumstances. For the most current information on road construction in Northern Kentucky, please visit the District 6 Roadshow [links-1.govdelivery.com] or the Driving Northern Kentucky Progress [links-1.govdelivery.com] website. You can also stay informed by following KYTC District 6 on Facebook [links-1.govdelivery.com] and X [links-1.govdelivery.com] (formerly Twitter). For statewide traffic and travel updates, visit GoKY [links-1.govdelivery.com].","Mon, 08 Jun 2026 04:38:59 GMT",2026-06-14T19:03:44Z
293774,293774 : I-264 East Ramp to Bardstown Rd in Jefferson County,https://www.trimarc.org,Disabled Vehicle-Occupied : May be viewed on CCTV_05_264_0156.,"Sat, 13 Jun 2026 18:59:14 GMT",2026-06-14T19:03:44Z
293802,293802 : I-71/75 South at MM 189.8 Area of Cut in the Hill in Kenton County,https://www.trimarc.org,Disabled Vehicle-Occupied : May be viewed on CCTV_06_75_1896.,"Sun, 14 Jun 2026 11:48:18 GMT",2026-06-14T19:03:44Z
293799,293799 : I-264 West at MM 15.1 Approaching Newburg Road in Jefferson County,https://www.trimarc.org,Disabled Vehicle-Occupied : May be viewed on CCTV_05_264_0156.,"Sun, 14 Jun 2026 11:26:45 GMT",2026-06-14T19:03:44Z
293790,293790 : I-264 West Ramp to I-65 South in Jefferson County,https://www.trimarc.org,Crash : May be viewed on CCTV_05_264_0116.,"Sun, 14 Jun 2026 09:30:19 GMT",2026-06-14T19:03:44Z
293819,293819 : I-275 West at MM 78.2 Area of Taylor Mill in Kenton County,https://www.trimarc.org,Crash : May be viewed on CCTV_06_275_0788.,"Sun, 14 Jun 2026 17:37:20 GMT",2026-06-14T19:03:44Z
293801,293801 : I-264 East at MM 10.2 Area of Southern Parkway in Jefferson County,https://www.trimarc.org,Disabled Vehicle-Occupied : Disabled vehicle located in this area.,"Sun, 14 Jun 2026 11:42:30 GMT",2026-06-14T19:03:44Z
293823,293823 : I-71/75 North at MM 190.1 Area of 12th St in Kenton County,https://www.trimarc.org,Crash : May be viewed on CCTV_06_75_1896,"Sun, 14 Jun 2026 18:50:00 GMT",2026-06-14T19:03:44Z
293824,293824 : I-264 West at MM 17.0 At Taylorsville Rd in Jefferson County,https://www.trimarc.org,Police Activity : Police activity reported in the area,"Sun, 14 Jun 2026 19:32:35 GMT",2026-06-14T19:52:51Z
293828,293828 : I-264 West at MM 13.6 Area of Poplar Level Rd in Jefferson County,https://www.trimarc.org,Crash : May be viewed on CCTV_05_264_0133,"Sun, 14 Jun 2026 20:13:24 GMT",2026-06-14T20:34:57Z
293827,293827 : I-64 West at MM 7.0 Approaching Mellwood Ave in Jefferson County,https://www.trimarc.org,Disabled Vehicle-Occupied : MetroSafe advise of disabled vehicle in area,"Sun, 14 Jun 2026 20:03:50 GMT",2026-06-14T20:34:57Z
293829,293829 : I-65 North Ramp to Preston Hwy in Jefferson County,https://www.trimarc.org,Disabled Vehicle-Occupied : May be viewed on CCTV_05_65_1297,"Sun, 14 Jun 2026 20:22:38 GMT",2026-06-14T20:34:57Z
293830,293830 : I-275 West Ramp from Dixie Hwy in Kenton County,https://www.trimarc.org,Crash : May be viewed on CCTV_06_275_0823,"Sun, 14 Jun 2026 20:26:39 GMT",2026-06-14T20:34:57Z
293832,293832 : I-71 South at MM 7.3 Approaching I-264 in Jefferson County,https://www.trimarc.org,Disabled Vehicle-Occupied : May be viewed on CCTV_05_71_0074.,"Sun, 14 Jun 2026 21:00:24 GMT",2026-06-14T21:11:36Z
293833,293833 : I-264 West at MM 14.0 Approaching Poplar Level Road in Jefferson County,https://www.trimarc.org,Disabled Vehicle-Occupied : May be viewed on CCTV_05_264_0133.,"Sun, 14 Jun 2026 21:25:24 GMT",2026-06-14T21:46:29Z
293835,293835 : I-275 West at MM 11.4 Area of Preston Highway in Jefferson County,https://www.trimarc.org,Disabled Vehicle-Occupied : May be viewed on CCTV_05_265_0117.,"Sun, 14 Jun 2026 21:59:37 GMT",2026-06-14T22:31:30Z
293836,293836 : I-71 North at MM 8.5 Approaching I-265 in Jefferson County,https://www.trimarc.org,Disabled Vehicle-Occupied : May be viewed on CCTV_05_71_0089.,"Sun, 14 Jun 2026 22:07:19 GMT",2026-06-14T22:31:30Z
293837,293837 : I-71/75 North at MM 189.8 Approaching 12th Street in Kenton County,https://www.trimarc.org,Crash : May be viewed on CCTV_06_75_1896.,"Sun, 14 Jun 2026 22:20:01 GMT",2026-06-14T22:31:30Z
293838,293838 : I-64 East at MM 16.4 Approaching Blankenbaker Parkway in Jefferson County,https://www.trimarc.org,Disabled Vehicle-Occupied : May be viewed on CCTV_05_64_0171.,"Sun, 14 Jun 2026 22:16:22 GMT",2026-06-14T22:31:30Z
293835,293835 : I-265 West at MM 11.4 Area of Preston Highway in Jefferson County,https://www.trimarc.org,Disabled Vehicle-Occupied : May be viewed on CCTV_05_265_0117.,"Sun, 14 Jun 2026 21:59:37 GMT",2026-06-14T23:10:55Z
293839,293839 : I-65 North at MM 129.0 Just Past Fern Valley Rd. in Jefferson County,https://www.trimarc.org,Disabled Vehicle-Occupied : TRIMARC OBSERVED.,"Mon, 15 Jun 2026 01:46:07 GMT",2026-06-15T02:43:17Z
293841,293841 : I-71/75 North at MM 186.2 At Buttermilk Pike in Kenton County,https://www.trimarc.org,Disabled Vehicle-Occupied : May be viewed on CCTV_06_75_1863,"Mon, 15 Jun 2026 03:31:30 GMT",2026-06-15T04:16:16Z
293844,293844 : I-64 East at MM 12.9 Just Past I-264 in Jefferson County,https://www.trimarc.org,Disabled Vehicle-Occupied : May be viewed on CCTV_05_64_0131,"Mon, 15 Jun 2026 08:23:10 GMT",2026-06-15T08:34:53Z
293847,293847 : I-64 West at MM 19.4 Approaching I-265 in Jefferson County,https://www.trimarc.org,Disabled Vehicle-Occupied : May be viewed on CCTV_05_64_0195,"Mon, 15 Jun 2026 10:58:42 GMT",2026-06-15T13:07:40Z
293858,293858 : KY 841 West Ramp to New Cut Rd in Jefferson County,https://www.trimarc.org,Crash : May be viewed on CCTV_05_841_0060,"Mon, 15 Jun 2026 11:59:37 GMT",2026-06-15T13:07:40Z
293864,293864 : I-64 West at MM 13.0 Approaching I-264 (East End) in Jefferson County,https://www.trimarc.org,Crash : MetroSafe advise of crash in area,"Mon, 15 Jun 2026 12:38:10 GMT",2026-06-15T13:07:40Z
293865,293865 : I-71 South at MM 5.6 Approaching I-264 in Jefferson County,https://www.trimarc.org,Crash : May be viewed at CCTV_05_71_0055,"Mon, 15 Jun 2026 12:49:41 GMT",2026-06-15T13:07:40Z
293866,293866 : I-64 East at MM 11.6 Approaching I-264 (East End) in Jefferson County,https://www.trimarc.org,Disabled Vehicle-Occupied : May be viewed on CCTV_05_64_0114,"Mon, 15 Jun 2026 13:01:52 GMT",2026-06-15T13:07:40Z
293867,293867 : I-71 South Ramp to I-64 West in Jefferson County,https://www.trimarc.org,"Construction / Road Work : The I-71 South ramp to I-64 West will be narrowed to maintain access to I-64 West whiile crews perform shoulder work and install solar lighting infrastructure. Once motorists enter I-64 West, the right lane and shoulder will be closed from the ramp merge area to the Kennedy Bridge.","Mon, 15 Jun 2026 13:07:30 GMT",2026-06-15T15:23:55Z
293876,293876 : I-265 North at MM 25.8 Area of I-64 in Jefferson County,https://www.trimarc.org,Disabled Vehicle-Occupied : May be viewed at CCTV_05_265_0256,"Mon, 15 Jun 2026 14:01:48 GMT",2026-06-15T15:23:55Z
293871,293871 : I-71 South at MM 3.8 Area of Blankenbaker Ln. in Jefferson County,https://www.trimarc.org,Disabled Vehicle-Occupied : May be viewed at CCTV_05_71_0037,"Mon, 15 Jun 2026 13:28:06 GMT",2026-06-15T15:23:55Z
293882,293882 : KY 841 North at MM 36.6 Area of US-42 in Jefferson County,https://www.trimarc.org,Disabled Vehicle-Occupied : May be viewed on CCTV_05_841_0366,"Mon, 15 Jun 2026 14:41:11 GMT",2026-06-15T15:23:55Z
293879,293879 : I-71 North at MM 8.1 Approaching I-265 in Jefferson County,https://www.trimarc.org,Abandoned Vehicle : May be viewed on CCTV_05_71_0082,"Mon, 15 Jun 2026 14:27:45 GMT",2026-06-15T15:23:55Z
293883,293883 : I-71 South Ramp from Zorn Ave in Jefferson County,https://www.trimarc.org,Disabled Vehicle-Occupied : May be viewed on CCTV_05_71_0018,"Mon, 15 Jun 2026 14:49:02 GMT",2026-06-15T15:23:55Z
293890,293890 : I-264 West at MM 18.0 Area of Breckenridge Ln. in Jefferson County,https://www.trimarc.org,Disabled Vehicle-Occupied : May be viewed at CCTV_05_264_0179,"Mon, 15 Jun 2026 16:07:06 GMT",2026-06-15T17:19:02Z
293894,293894 : I-264 West at MM 17.6 Just Past Breckenridge Ln. in Jefferson County,https://www.trimarc.org,Disabled Vehicle-Occupied : May be viewed at CCTV_05_264_0170,"Mon, 15 Jun 2026 16:33:16 GMT",2026-06-15T17:19:02Z
293886,293886 : I-71/75 South at MM 184.4 Area of I-275 in Kenton County,https://www.trimarc.org,Disabled Vehicle-Occupied : May be viewed on camera CCTV_06_75_1847.,"Mon, 15 Jun 2026 15:27:41 GMT",2026-06-15T17:19:02Z
293895,293895 : I-64 East at MM 11.8 Area of I-264 (East End) in Jefferson County,https://www.trimarc.org,Crash : MetroSafe advise of crash in area,"Mon, 15 Jun 2026 16:34:58 GMT",2026-06-15T17:19:02Z
293897,293897 : I-71/75 North at MM 178.2 Area of Mt. Zion Road in Boone County,https://www.trimarc.org,Disabled Vehicle-Occupied : May be viewed on camera CCTV_06_75_1781.,"Mon, 15 Jun 2026 17:05:50 GMT",2026-06-15T17:19:02Z
293901,293901 : I-64 East at MM 23.2 Area of Clark Station Rd. in Jefferson County,https://www.trimarc.org,Disabled Vehicle-Occupied : May be viewed at CCTV_05_64_0238,"Mon, 15 Jun 2026 17:37:23 GMT",2026-06-15T18:55:42Z
293908,293908 : I-264 East at MM 17.6 Area of Breckenridge Ln in Jefferson County,https://www.trimarc.org,Crash : May be viewed on CCTV_05_264_0179,"Mon, 15 Jun 2026 18:37:00 GMT",2026-06-15T18:55:42Z
293911,293911 : I-264 West at MM 12.8 Approaching Poplar Level Rd in Jefferson County,https://www.trimarc.org,Disabled Vehicle-Occupied : May be viewed on CCTV_05_264_0133,"Mon, 15 Jun 2026 19:01:29 GMT",2026-06-15T20:15:23Z
293913,293913 : I-64 East at MM 13.3 Area of Oxmoor Farm Overpass in Jefferson County,https://www.trimarc.org,Disabled Vehicle-Occupied : May be viewed on CCTV_05_64_0138,"Mon, 15 Jun 2026 19:04:40 GMT",2026-06-15T20:15:23Z
293912,293912 : I-71/75 South at MM 189.8 Area of Cut in The Hill in Kenton County,https://www.trimarc.org,Disabled Vehicle-Occupied : May be viewed on CCTV_06_75_1896,"Mon, 15 Jun 2026 19:03:35 GMT",2026-06-15T20:15:23Z
293916,293916 : I-65 South at MM 125.1 Area of I-265 in Jefferson County,https://www.trimarc.org,Disabled Vehicle-Occupied : May be viewed on CCTV_05_65_1252,"Mon, 15 Jun 2026 19:42:46 GMT",2026-06-15T20:15:23Z
293919,293919 : I-71/75 South at MM 189.2 Area of Kyles Lane in Kenton County,https://www.trimarc.org,Disabled Vehicle-Occupied : Freeway Service Patrol advises the Right Shoulder is Blocked,"Mon, 15 Jun 2026 19:58:20 GMT",2026-06-15T20:15:23Z
293920,293920 : I-471 North at MM 1.3 Approaching US-27 in Campbell County,https://www.trimarc.org,Disabled Vehicle-Occupied : May be viewed on CCTV_06_471_0014,"Mon, 15 Jun 2026 20:05:30 GMT",2026-06-15T20:15:23Z
293910,293910 : I-264 West at MM 5.1 Area of Cane Run Rd in Jefferson County,https://www.trimarc.org,Disabled Vehicle-Occupied : May be viewed on CCTV_05_264_0052,"Mon, 15 Jun 2026 18:52:56 GMT",2026-06-15T20:15:23Z
293918,293918 : I-264 West at MM 20.4 Area of Westport Rd in Jefferson County,https://www.trimarc.org,Crash : May be viewed on CCTV_05_264_0208,"Mon, 15 Jun 2026 19:51:46 GMT",2026-06-15T20:15:23Z
293921,293921 : I-64 West at MM 18.5 Area of I-265 in Jefferson County,https://www.trimarc.org,Disabled Vehicle-Occupied : May be viewed on CCTV_05_64_0189,"Mon, 15 Jun 2026 20:11:56 GMT",2026-06-15T20:15:23Z
293929,293929 : I-264 East between MM 6.3 and 10.0 Area of Southern Pkwy in Jefferson County,https://www.trimarc.org,Disabled Vehicle-Occupied : May be viewed on CCTV_05_264_0093,"Mon, 15 Jun 2026 21:00:46 GMT",2026-06-15T21:33:45Z
293923,293923 : I-265 South at MM 23.3 Area of Taylorsville Rd in Jefferson County,https://www.trimarc.org,Disabled Vehicle-Occupied : May be viewed on CCTV_05_265_0231,"Mon, 15 Jun 2026 20:30:56 GMT",2026-06-15T21:33:45Z
293926,293926 : I-65 South Ramp from I-265 in Jefferson County,https://www.trimarc.org,Disabled Vehicle-Occupied : May be viewed on CCTV_05_65_1252,"Mon, 15 Jun 2026 20:52:58 GMT",2026-06-15T21:33:45Z
293931,293931 : I-71/75 South at MM 187.8 Area of Dixie Highway in Kenton County,https://www.trimarc.org,Disabled Vehicle-Occupied : May be viewed on CCTV_06_75_1877,"Mon, 15 Jun 2026 21:07:02 GMT",2026-06-15T21:33:45Z
293928,293928 : I-264 East at MM 7.6 Area of Dixie Hwy in Jefferson County,https://www.trimarc.org,Crash : May be viewed on CCTV_05_264_0075,"Mon, 15 Jun 2026 20:58:35 GMT",2026-06-15T21:33:45Z
293932,293932 : I-264 West at MM 17.4 Before Taylorsville Rd in Jefferson County,https://www.trimarc.org,Crash : May be viewed on CCTV_05_264_0170,"Mon, 15 Jun 2026 21:11:55 GMT",2026-06-15T21:33:45Z
293933,293933 : I-65 South at MM 127.7 Area of Outer Loop in Jefferson County,https://www.trimarc.org,Disabled Vehicle-Occupied : May be viewed on CCTV_05_65_1267,"Mon, 15 Jun 2026 21:28:15 GMT",2026-06-15T21:33:45Z
293935,293935 : I-265 East at MM 16.9 Area of Bardstown Rd in Jefferson County,https://www.trimarc.org,Disabled Vehicle-Occupied : May be viewed on CCTV_05_265_0173,"Mon, 15 Jun 2026 21:33:03 GMT",2026-06-15T22:31:15Z
293942,293942 : I-64 West at MM 17.3 Area of Blakenbaker Pkwy in Jefferson County,https://www.trimarc.org,Disabled Vehicle-Occupied : May be viewed on CCTV_05_64_0171,"Mon, 15 Jun 2026 22:04:58 GMT",2026-06-15T22:31:15Z
293938,293938 : I-275 West at MM 77.6 Area of Decoursey Pike in Kenton County,https://www.trimarc.org,Disabled Vehicle-Occupied : May be viewed on CCTV_06_275_0788,"Mon, 15 Jun 2026 21:46:23 GMT",2026-06-15T22:31:15Z
293940,293940 : I-64 West at MM 14.6 Area of Hurstbourne Pkwy in Jefferson County,https://www.trimarc.org,Disabled Vehicle-Occupied : May be viewed on CCTV_05_64_0150,"Mon, 15 Jun 2026 21:59:38 GMT",2026-06-15T22:31:15Z
293941,293941 : I-64 West at MM 11.5 Area of Breckenridge Ln in Jefferson County,https://www.trimarc.org,Disabled Vehicle-Occupied : May be viewed on CCTV_05_64_0114,"Mon, 15 Jun 2026 22:02:58 GMT",2026-06-15T22:31:15Z
293944,293944 : KY 841 North at MM 35.8 Before East End Tunnel in Jefferson County,https://www.trimarc.org,Disabled Vehicle-Occupied : May be viewed on CCTV_05_841_0361,"Mon, 15 Jun 2026 22:14:11 GMT",2026-06-15T22:31:15Z
293936,293936 : I-265 North at MM 28.5 Before Old Henry Rd in Jefferson County,https://www.trimarc.org,Disabled Vehicle-Occupied : May be viewed on CCTV_05_265_0287,"Mon, 15 Jun 2026 21:37:51 GMT",2026-06-15T22:31:15Z
293943,293943 : I-264 East at MM 19.7 Before Shelbyville Rd in Jefferson County,https://www.trimarc.org,Disabled Vehicle-Occupied : May be viewed on CCTV_05_264_0199,"Mon, 15 Jun 2026 22:08:39 GMT",2026-06-15T22:31:15Z
293946,293946 : I-264 East at MM 6.7 Area of Dixie Hwy in Jefferson County,https://www.trimarc.org,Crash : May be viewed on CCTV_05_264_0075,"Mon, 15 Jun 2026 22:17:31 GMT",2026-06-15T22:31:15Z
293951,293951 : I-71/75 South at MM 186.9 South of Buttermilk Pike in Kenton County,https://www.trimarc.org,Disabled Vehicle-Occupied : May be viewed on CCTV_06_75_1868,"Mon, 15 Jun 2026 23:39:24 GMT",2026-06-16T00:06:29Z
293954,293954 : I-264 East at MM 6.2 Approaching Dixie Highway in Jefferson County,https://www.trimarc.org,Disabled Vehicle-Occupied : May be viewed on CCTV_05_264_0060,"Tue, 16 Jun 2026 00:00:59 GMT",2026-06-16T00:06:29Z
293953,293953 : I-275 West at MM 73.5 Area of Combs-Hehl Bridge in Campbell County,https://www.trimarc.org,Disabled Vehicle-Occupied : May be viewed on CCTV_06_275_0741,"Mon, 15 Jun 2026 23:48:19 GMT",2026-06-16T00:06:29Z
293947,293947 : I-275 West at MM 76.0 Area of Three Mile Road in Campbell County,https://www.trimarc.org,Disabled Vehicle-Occupied : May be viewed on CCTV_06_275_0762,"Mon, 15 Jun 2026 22:39:26 GMT",2026-06-16T00:06:29Z
293948,293948 : I-71/75 North at MM 189.1 Area of Kyles Lane in Kenton County,https://www.trimarc.org,Disabled Vehicle-Occupied : May be viewed on CCTV_06_75_1886,"Mon, 15 Jun 2026 22:51:46 GMT",2026-06-16T00:06:29Z
293957,293957 : I-71/75 North at MM 184.4 Area of I-275 in Kenton County,https://www.trimarc.org,Disabled Vehicle-Occupied : May be viewed on CCTV_06_75_1847,"Tue, 16 Jun 2026 00:24:12 GMT",2026-06-16T01:32:07Z
293959,293959 : I-264 East at MM 11.4 Collector I-165 in Jefferson County,https://www.trimarc.org,Disabled Vehicle-Occupied : TRIMARC operator while scanning the cameas found a Black SUV on the right shoulder. Hazard lights are on.,"Tue, 16 Jun 2026 00:53:22 GMT",2026-06-16T01:32:07Z
293956,293956 : I-71/75 North Ramp from Donaldson Highway in Kenton County,https://www.trimarc.org,Disabled Vehicle-Occupied : May be viewed on CCTv_06_75_1838,"Tue, 16 Jun 2026 00:20:01 GMT",2026-06-16T01:32:07Z
293960,293960 : I-71/75 North at MM 182.3 Area of Turfway Rd in Boone County,https://www.trimarc.org,Disabled Vehicle-Occupied : May be viewed on CCTV_06_75_1823,"Tue, 16 Jun 2026 00:56:57 GMT",2026-06-16T01:32:07Z
293962,293962 : I-64 East at MM 20.0 Area of English Station Rd in Jefferson County,https://www.trimarc.org,Disabled Vehicle-Occupied : May be viewed on CCTV_05_64_0195,"Tue, 16 Jun 2026 01:18:16 GMT",2026-06-16T01:32:07Z
293963,293963 : I-265 West at MM 10.7 Area of I-65 in Jefferson County,https://www.trimarc.org,Disabled Vehicle-Occupied : May be viewed on CCTV_05_65_1252,"Tue, 16 Jun 2026 01:24:50 GMT",2026-06-16T01:32:07Z
293964,293964 : I-264 East at MM 9.4 Area of Taylor Blvd in Jefferson County,https://www.trimarc.org,Disabled Vehicle-Occupied : May be viewed on CCTV_05_264_0093,"Tue, 16 Jun 2026 02:13:13 GMT",2026-06-16T02:43:22Z
293965,293965 : I-64 South at MM 19.8 Approaching I-265 in Jefferson County,https://www.trimarc.org,Disabled Vehicle-Occupied : May be viewed on CCTV_05_64_0195,"Tue, 16 Jun 2026 02:47:01 GMT",2026-06-16T04:16:49Z
293966,293966 : I-264 East at MM 14.7 Just Past Newburg Road in Jefferson County,https://www.trimarc.org,Disabled Vehicle-Occupied : May be viewed on CCTV_05_264_0145,"Tue, 16 Jun 2026 03:46:18 GMT",2026-06-16T04:16:49Z
293967,293967 : I-71/75 North at MM 175.6 Area of Richwood Rd. in Boone County,https://www.trimarc.org,Disabled Vehicle-Occupied : May be viewed on CCTV_06_75_1758,"Tue, 16 Jun 2026 05:02:59 GMT",2026-06-16T06:21:21Z
293968,293968 : I-65 South at MM 128.0 Just Past Fern Valley Rd. in Jefferson County,https://www.trimarc.org,Disabled Vehicle-Occupied : May be viewed on CCTV_05_65_1267,"Tue, 16 Jun 2026 05:17:54 GMT",2026-06-16T06:21:21Z
293969,293969 : I-71/75 North Ramp to Mt Zion Road in Boone County,https://www.trimarc.org,Disabled Vehicle-Occupied : May be viewed on CCTV_06_75_1781,"Tue, 16 Jun 2026 05:35:51 GMT",2026-06-16T06:21:21Z
293970,293970 : I-71/75 South Ramp from Buttermilk Pike in Kenton County,https://www.trimarc.org,Disabled Vehicle-Occupied : May be viewed on CCTV_06_75_1863,"Tue, 16 Jun 2026 05:38:10 GMT",2026-06-16T06:21:21Z
293972,293972 : I-71/75 North Ramp to Donaldson Highway in Kenton County,https://www.trimarc.org,Disabled Vehicle-Occupied : May be viewed on CCTV_06_75_1838,"Tue, 16 Jun 2026 08:06:45 GMT",2026-06-16T08:31:58Z
293973,293973 : I-71/75 North Ramp from Donaldson Highway in Kenton County,https://www.trimarc.org,Disabled Vehicle-Occupied : May be viewed on CCTV_06_75_1838,"Tue, 16 Jun 2026 08:07:36 GMT",2026-06-16T08:31:58Z
293974,293974 : I-71/75 South at MM 182.4 Area of Turfway Rd. in Boone County,https://www.trimarc.org,Disabled Vehicle-Occupied : May be viewed on CCTV_06_75_1823,"Tue, 16 Jun 2026 08:36:03 GMT",2026-06-16T10:26:04Z
293975,293975 : I-65 North at MM 127.8 At Fern Valley Rd in Jefferson County,https://www.trimarc.org,Crash : A crash was reported in the area.,"Tue, 16 Jun 2026 09:00:13 GMT",2026-06-16T10:26:04Z
293981,293981 : KY 841 East at MM 8.3 Just Past National Turnpike in Jefferson County,https://www.trimarc.org,Crash : A crash was reported in the area.,"Tue, 16 Jun 2026 10:16:03 GMT",2026-06-16T10:26:04Z
293985,293985 : I-64 East at MM 23.7 Area of Clark Station Rd in Jefferson County,https://www.trimarc.org,Disabled Vehicle-Occupied : May be viewed on CCTV_05_64_0238,"Tue, 16 Jun 2026 11:36:52 GMT",2026-06-16T12:18:27Z
293989,293989 : I-265 East at MM 18.0 Just Past Bardstown Rd. in Jefferson County,https://www.trimarc.org,Disabled Vehicle-Occupied : May be viewed at CCTV_05_265_0173,"Tue, 16 Jun 2026 12:01:23 GMT",2026-06-16T12:18:27Z
293984,293984 : I-64 East Area of I-264 (West End) in Jefferson County,https://www.trimarc.org,Disabled Vehicle-Occupied : May be viewed on CCTV_05_264_0007,"Tue, 16 Jun 2026 11:28:53 GMT",2026-06-16T12:18:27Z
293986,293986 : I-275 East at MM 76.5 Area of Johns Hill Road in Campbell County,https://www.trimarc.org,Disabled Vehicle-Occupied : May be viewed on camera CCTV_06_275_0762.,"Tue, 16 Jun 2026 11:37:31 GMT",2026-06-16T12:18:27Z
293988,293988 : I-265 West at MM 13.8 Area of Smyrna Pkwy. in Jefferson County,https://www.trimarc.org,Disabled Vehicle-Occupied : May be viewed at CCTV_05_265_0135,"Tue, 16 Jun 2026 11:57:34 GMT",2026-06-16T12:18:27Z
293987,293987 : I-64 East at MM 10.0 Area of Cannons Ln in Jefferson County,https://www.trimarc.org,Crash : MetroSafe advise of crash in area,"Tue, 16 Jun 2026 11:41:24 GMT",2026-06-16T12:18:27Z
293998,293998 : I-64 West between MM 5.4 and 5.0 Area of 3rd St. in Jefferson County,https://www.trimarc.org,"Freeway Maintenance : The right lane of I-64 West at mile 5.4 will be closed today to allow crews to perform routine maintenance. Motorists should heed signage maintain safe following distances, and use caution when travelling through the work zone.","Tue, 16 Jun 2026 13:07:29 GMT",2026-06-16T14:20:50Z
293999,293999 : I-71 North between MM 24.0 and 27.0 Near KY 153 in Oldham County,https://www.trimarc.org,"Construction / Road Work : The right lane of I-71 North will be closed from 9:00 a.m. until 3:00 p.m. between mile 24 and 27, to allow crews to perform pothole patching. Motorists should heed signage, maintain safe following distances, and use catuionwhen traveling through the work zone.","Tue, 16 Jun 2026 13:13:35 GMT",2026-06-16T14:20:50Z
293983,293983 : I-264 West at MM 19.4 Area of Shelbyville Rd in Jefferson County,https://www.trimarc.org,Disabled Vehicle-Occupied : May be viewed on CCTV_05_264_0199,"Tue, 16 Jun 2026 11:19:56 GMT",2026-06-16T14:20:50Z
293990,293990 : I-71 South Ramp from KY 841 in Jefferson County,https://www.trimarc.org,Disabled Vehicle-Occupied : May be viewed at CCTV_05_71_0089,"Tue, 16 Jun 2026 12:28:55 GMT",2026-06-16T14:20:50Z
294002,294002 : I-265 West Ramp from Preston Hwy. in Jefferson County,https://www.trimarc.org,Disabled Vehicle-Occupied : May be viewed at CCTV_05_265_0117,"Tue, 16 Jun 2026 14:10:15 GMT",2026-06-16T14:20:50Z
294003,294003 : I-71/75 South at MM 176.0 Area of Richwood Road in Boone County,https://www.trimarc.org,Disabled Vehicle-Occupied : May be viewed on camera CCTV_06_75_1758.,"Tue, 16 Jun 2026 14:15:56 GMT",2026-06-16T14:20:50Z
294006,294006 : I-275 West at MM 78.9 Area of Taylor Mill Road in Kenton County,https://www.trimarc.org,Disabled Vehicle-Occupied : May be viewed on camera CCTV_06_275_0788.,"Tue, 16 Jun 2026 14:23:24 GMT",2026-06-16T16:07:19Z
294012,294012 : I-71/75 North at MM 187.0 Area of Dixie Highway in Kenton County,https://www.trimarc.org,Disabled Vehicle-Occupied : May be viewed on camera CCTV_06_75_1868.,"Tue, 16 Jun 2026 15:26:08 GMT",2026-06-16T16:07:19Z
294004,294004 : I-65 North at MM 126.0 Just Past I-265 in Jefferson County,https://www.trimarc.org,Disabled Vehicle-Occupied : May be viewed at CCTV_05_65_1252,"Tue, 16 Jun 2026 14:18:02 GMT",2026-06-16T16:07:19Z
294015,294015 : I-275 East at MM 74.3 Area of Alexandria Pike Overpass in Campbell County,https://www.trimarc.org,Disabled Vehicle-Occupied : May be viewed on camera CCTV_06_275_0741.,"Tue, 16 Jun 2026 15:49:50 GMT",2026-06-16T16:07:19Z
294019,294019 : I-71 South at MM 4.7 Just Past I-264 in Jefferson County,https://www.trimarc.org,Disabled Vehicle-Occupied : May be viewed at CCTV_05_71_0048,"Tue, 16 Jun 2026 17:25:53 GMT",2026-06-16T18:01:54Z
294018,294018 : I-264 East at MM 16.8 Area of Taylorsville Road in Jefferson County,https://www.trimarc.org,Crash : May be viewed on CCTV_05_264_0170,"Tue, 16 Jun 2026 17:13:34 GMT",2026-06-16T18:01:54Z
294020,294020 : I-71 South at MM 11.1 North of I-265 in Jefferson County,https://www.trimarc.org,Disabled Vehicle-Occupied : May be viewed at CCTV_05_71_0116,"Tue, 16 Jun 2026 17:48:43 GMT",2026-06-16T18:01:54Z
294021,294021 : I-71/75 North at MM 185.0 Area of I-275 in Kenton County,https://www.trimarc.org,Disabled Vehicle-Occupied : May be viewed on camera CCTV_06_75_1847.,"Tue, 16 Jun 2026 17:56:00 GMT",2026-06-16T18:01:54Z
294030,294030 : I-264 West at MM 19.4 Area of I-64 in Jefferson County,https://www.trimarc.org,Disabled Vehicle-Occupied : May be viewed 0n CCTV-05-264-0199,"Tue, 16 Jun 2026 19:05:04 GMT",2026-06-16T19:28:29Z
294027,294027 : I-264 West at MM 15.0 Just Past Bardstown Rd in Jefferson County,https://www.trimarc.org,Disabled Vehicle-Occupied : May be viewed on CCTV_05_264_0156,"Tue, 16 Jun 2026 18:54:50 GMT",2026-06-16T19:28:29Z
294023,294023 : I-71/75 North at MM 174.0 South of Richwood Rd in Boone County,https://www.trimarc.org,Disabled Vehicle-Occupied : May be viewed on CCTV_06_75_1758,"Tue, 16 Jun 2026 18:35:28 GMT",2026-06-16T19:28:29Z
294026,294026 : I-71/75 South at MM 189.8 Before Kyles Lane in Kenton County,https://www.trimarc.org,Disabled Vehicle-Occupied : May be viewed on CCTV_05_75_1896,"Tue, 16 Jun 2026 18:45:22 GMT",2026-06-16T19:28:29Z
294033,294033 : I-64 East at MM 18.4 Area of I-265 in Jefferson County,https://www.trimarc.org,Disabled Vehicle-Occupied : May be viewed on CCTV_05_64_0189,"Tue, 16 Jun 2026 19:14:37 GMT",2026-06-16T19:28:29Z
294034,294034 : I-71/75 North at MM 184.9 Just Past I-275 in Jefferson County,https://www.trimarc.org,Disabled Vehicle-Occupied : May be viewed on CCTV_06_75_1847,"Tue, 16 Jun 2026 19:17:57 GMT",2026-06-16T19:28:29Z
294035,294035 : I-265 East at MM 13.3 Area of Smyrna Pkwy in Jefferson County,https://www.trimarc.org,Disabled Vehicle-Occupied : May be viewed on CCTV_05_265_0135,"Tue, 16 Jun 2026 19:19:26 GMT",2026-06-16T19:28:29Z
294028,294028 : I-65 South at MM 124.7 Area of I-265 in Jefferson County,https://www.trimarc.org,Disabled Vehicle-Occupied : May be viewed on CCTV_05_65_1252,"Tue, 16 Jun 2026 18:57:11 GMT",2026-06-16T19:28:29Z
294047,294047 : I-64 West at MM 11.4 Area of Cannons Lane in Jefferson County,https://www.trimarc.org,Crash : May be viewed on CCTV_05_64_0114,"Tue, 16 Jun 2026 20:05:23 GMT",2026-06-16T20:32:18Z
294050,294050 : I-71/75 North at MM 181.0 Before Burlington Pike in Boone County,https://www.trimarc.org,Disabled Vehicle-Occupied : May be viewed on CCTV_06_75_1812,"Tue, 16 Jun 2026 20:19:42 GMT",2026-06-16T20:32:18Z
294051,294051 : I-65 North Ramp to I-264 West in Jefferson County,https://www.trimarc.org,Disabled Vehicle-Occupied : May be viewed on CCTV_05_65_1307,"Tue, 16 Jun 2026 20:25:19 GMT",2026-06-16T20:32:18Z
294048,294048 : I-65 North Ramp to KY 841 West in Jefferson County,https://www.trimarc.org,Crash : May be viewed on CCTV_05_65_1252,"Tue, 16 Jun 2026 20:08:19 GMT",2026-06-16T20:32:18Z
294040,294040 : I-71/75 North at MM 183.5 Before Donaldson Ave in Kenton County,https://www.trimarc.org,Disabled Vehicle-Occupied : May be viewed on CCTV_06_75_1838,"Tue, 16 Jun 2026 19:42:00 GMT",2026-06-16T20:32:18Z
294043,294043 : I-64 West at MM 5.4 Area of I-65 in Jefferson County,https://www.trimarc.org,Disabled Vehicle-Occupied : May be viewed on CCTV_05_64_0055,"Tue, 16 Jun 2026 19:58:44 GMT",2026-06-16T20:32:18Z
294046,294046 : I-64 East at MM 0.2 On Sherman Minton Bridge in Jefferson County,https://www.trimarc.org,Disabled Vehicle-Occupied : May be viewed on CCTV_05_64_0003_EB,"Tue, 16 Jun 2026 20:04:44 GMT",2026-06-16T20:32:18Z
294054,294054 : I-264 East at MM 16.7 Area of Taylorsville Rd in Jefferson County,https://www.trimarc.org,Disabled Vehicle-Occupied : May be viewed on CCTV_05_264_0170,"Tue, 16 Jun 2026 20:32:06 GMT",2026-06-16T21:41:40Z
294062,294062 : I-71/75 South at MM 175.2 Just Past Richwood Rd in Boone County,https://www.trimarc.org,Disabled Vehicle-Occupied : May be viewed on CCTV_06_75_1758,"Tue, 16 Jun 2026 21:09:37 GMT",2026-06-16T21:41:40Z
294065,294065 : I-64 East at MM 17.4 Area of Blankenbaker Pkwy in Jefferson County,https://www.trimarc.org,Disabled Vehicle-Occupied : May be viewed on CCTV_05_64_0171,"Tue, 16 Jun 2026 21:20:32 GMT",2026-06-16T21:41:40Z
294066,294066 : I-264 West at MM 14.9 Just Past Bardstown Rd in Jefferson County,https://www.trimarc.org,Disabled Vehicle-Occupied : May be viewed on CCTV_05_264_0156,"Tue, 16 Jun 2026 21:21:41 GMT",2026-06-16T21:41:40Z
294068,294068 : I-471 North Ramp from KY 8 in Jefferson County,https://www.trimarc.org,Disabled Vehicle-Occupied : May be viewed on CCTV_05_471_0045,"Tue, 16 Jun 2026 21:28:39 GMT",2026-06-16T21:41:40Z
294069,294069 : I-264 East at MM 8.7 Area of Taylor Blvd in Jefferson County,https://www.trimarc.org,Crash : Metrosafe reports a crash in the area,"Tue, 16 Jun 2026 21:30:36 GMT",2026-06-16T21:41:40Z
294063,294063 : I-71 South at MM 0.2 Approaching I-64 in Jefferson County,https://www.trimarc.org,Disabled Vehicle-Occupied : May be viewed on CCTV_05_71_0001,"Tue, 16 Jun 2026 21:15:00 GMT",2026-06-16T21:41:40Z
294070,294070 : I-71/75 South Collector Donaldson Hwy in Kenton County,https://www.trimarc.org,Disabled Vehicle-Occupied : May be viewed on CCTV-06_75_1847,"Tue, 16 Jun 2026 21:37:59 GMT",2026-06-16T22:29:18Z
294075,294075 : I-64 East at MM 23.3 Area of Clark Station Rd in Jefferson County,https://www.trimarc.org,Disabled Vehicle-Occupied : May be viewed on CCTV_05_64_0238,"Tue, 16 Jun 2026 22:12:49 GMT",2026-06-16T22:29:18Z
294068,294068 : I-471 North Ramp from KY 8 in Campbell County,https://www.trimarc.org,Disabled Vehicle-Occupied : May be viewed on CCTV_05_471_0045,"Tue, 16 Jun 2026 21:28:39 GMT",2026-06-16T22:29:18Z
294071,294071 : I-71/75 South at MM 182.1 Just Past Turfway Rd in Boone County,https://www.trimarc.org,Disabled Vehicle-Occupied : May be viewed on CCTV_06_75_1823,"Tue, 16 Jun 2026 21:43:27 GMT",2026-06-16T22:29:18Z
294074,294074 : I-64 West at MM 19.7 Approaching I-265 in Jefferson County,https://www.trimarc.org,Disabled Vehicle-Occupied : May be viewed on CCTV_05_64_0195,"Tue, 16 Jun 2026 22:09:27 GMT",2026-06-16T22:29:18Z
294078,294078 : I-264 West at MM 14.6 Area of Newburg Rd in Jefferson County,https://www.trimarc.org,Crash : May be viewed on CCTV_05_264_0145,"Tue, 16 Jun 2026 22:23:16 GMT",2026-06-16T22:29:18Z
294077,294077 : I-264 West at MM 12.3 Area of I-65 in Jefferson County,https://www.trimarc.org,Disabled Vehicle-Occupied : May be viewed on CCTV_05_65_1307,"Tue, 16 Jun 2026 22:20:05 GMT",2026-06-16T22:29:18Z
294081,294081 : I-71/75 North Ramp to Kyles Lane in Kenton County,https://www.trimarc.org,Disabled Vehicle-Occupied : May be viewed on CCTV_06_75_1886,"Tue, 16 Jun 2026 23:01:06 GMT",2026-06-16T23:07:37Z
294085,294085 : I-64 East Ramp from Hurstbourne Parkway in Jefferson County,https://www.trimarc.org,"Construction / Road Work : LOUISVILLE, Ky. (June 16, 2026) – The Kentucky Transportation Cabinet (KYTC) advises motorists of overnight ramp closures on I-64 East tonight, June 16, in Jefferson County. The I-64 East on-ramp from KY 1747 (Hurstbourne Parkway) will be closed from 7 p.m. Tuesday, June 16, through 6 a.m. Wednesday, June 17. The I-64 East off-ramp to KY 1747 (Hurstbourne Parkway) at Exit 15C will also be closed during this time. Contract crews will be performing asphalt resurfacing on portions of the interstate ramps during the overnight closures. The work being performed is part of the current asphalt resurfacing project on KY 1747 (Hurstbourne Parkway) from KY 155 (Taylorsville Road) to KY 1447 (Westport Road), and the project will be substantially complete following tonight's overnight ramp closures. Motorists should heed signage, use caution, and plan ahead for delays.","Tue, 16 Jun 2026 23:00:00 GMT",2026-06-16T23:48:36Z
294086,294086 : I-71/75 North at MM 182.9 Just Past Turfway Rd in Boone County,https://www.trimarc.org,Disabled Vehicle-Occupied : May be viewed on CCTV_06_75_1823,"Tue, 16 Jun 2026 23:30:54 GMT",2026-06-16T23:48:36Z
294087,294087 : I-275 West at MM 81.0 East of Turkeyfoot Rd in Kenton County,https://www.trimarc.org,Disabled Vehicle-Occupied : May be viewed on CCTV_06_275_0812,"Tue, 16 Jun 2026 23:37:20 GMT",2026-06-16T23:48:36Z
294088,294088 : I-71/75 South at MM 187.9 Area of Dixie Hwy in Kenton County,https://www.trimarc.org,Disabled Vehicle-Occupied : May be viewed on CCTV_06_75_1886,"Tue, 16 Jun 2026 23:50:02 GMT",2026-06-17T01:13:27Z
294089,294089 : I-71/75 North at MM 174.5 South of Richwood Rd in Jefferson County,https://www.trimarc.org,Disabled Vehicle-Occupied : May be viewed on CCTV_06_75_1758,"Tue, 16 Jun 2026 23:58:31 GMT",2026-06-17T01:13:27Z
294095,294095 : I-65 South at MM 124.6 Just Past I-265 in Jefferson County,https://www.trimarc.org,Disabled Vehicle-Occupied : May be viewed on CCTV_05_65_1252,"Wed, 17 Jun 2026 00:57:40 GMT",2026-06-17T01:13:27Z
294092,294092 : I-71 South at MM 0.1 Over Frankfort Ave in Jefferson County,https://www.trimarc.org,Disabled Vehicle-Occupied : May be viewed on CCTV_05_71_0001,"Wed, 17 Jun 2026 00:48:26 GMT",2026-06-17T01:13:27Z
294093,294093 : I-265 West at MM 12.6 Before Preston Hwy in Jefferson County,https://www.trimarc.org,Disabled Vehicle-Occupied : May be viewed on CCTV_05_265_0117,"Wed, 17 Jun 2026 00:53:28 GMT",2026-06-17T01:13:27Z
294094,294094 : I-65 South at MM 124.7 Just Past I-265 in Jefferson County,https://www.trimarc.org,Disabled Vehicle-Occupied : May be viewed on CCTV_05_65_1252,"Wed, 17 Jun 2026 00:56:09 GMT",2026-06-17T01:13:27Z
294096,294096 : I-65 South at MM 125.6 Before Fern Valley Rd in Jefferson County,https://www.trimarc.org,Disabled Vehicle-Occupied : May be viewed on CCTV_05_65_1283,"Wed, 17 Jun 2026 00:59:40 GMT",2026-06-17T01:13:27Z
294097,294097 : I-65 South at MM 124.7 Just Past I-265 in Jefferson County,https://www.trimarc.org,Disabled Vehicle-Occupied : May be viewed on CCTV_05_65_1252,"Wed, 17 Jun 2026 01:24:01 GMT",2026-06-17T02:06:52Z
294099,294099 : I-71/75 North Ramp from Kyles Ln in Jefferson County,https://www.trimarc.org,Disabled Vehicle-Occupied : May be viewed on CCTV_06_75_1886,"Wed, 17 Jun 2026 02:02:30 GMT",2026-06-17T02:06:52Z
294099,294099 : I-71/75 North Ramp from Kyles Ln in Kenton County,https://www.trimarc.org,Disabled Vehicle-Occupied : May be viewed on CCTV_06_75_1886,"Wed, 17 Jun 2026 02:02:30 GMT",2026-06-17T03:27:35Z
294100,294100 : I-71/75 South at MM 175.0 Just Past Richwood Road in Boone County,https://www.trimarc.org,Disabled Vehicle-Occupied : May be viewed on CCTV_06_75_1758,"Wed, 17 Jun 2026 02:52:31 GMT",2026-06-17T03:27:35Z
294101,294101 : I-264 West at MM 14.7 Before Newburg Road in Jefferson County,https://www.trimarc.org,Disabled Vehicle-Occupied : May be viewed on CCTV_05_264_0145,"Wed, 17 Jun 2026 03:20:43 GMT",2026-06-17T03:27:35Z
294102,294102 : I-71/75 South at MM 189.0 Approaching Kyles Lane in Kenton County,https://www.trimarc.org,Disabled Vehicle-Occupied : May be viewed on CCTV_06_75_1886,"Wed, 17 Jun 2026 04:08:48 GMT",2026-06-17T05:15:58Z
294103,294103 : I-71/75 South at MM 183.9 Collector Donaldson Hwy in Kenton County,https://www.trimarc.org,Disabled Vehicle-Occupied : May be viewed on CCTV_06_75_1838,"Wed, 17 Jun 2026 04:11:22 GMT",2026-06-17T05:15:58Z
294104,294104 : I-71/75 South at MM 181.1 Area of Burlington Pike in Boone County,https://www.trimarc.org,Disabled Vehicle-Occupied : May be viewed on CCTV_06_75_1812,"Wed, 17 Jun 2026 04:27:47 GMT",2026-06-17T05:15:58Z
294105,294105 : I-65 North at MM 125.0 Under I-265 in Jefferson County,https://www.trimarc.org,Disabled Vehicle-Occupied : May be viewed on CCTV_05_65_1252,"Wed, 17 Jun 2026 04:50:02 GMT",2026-06-17T05:15:58Z
294106,294106 : I-65 North Ramp from Cedar Grove Road in Bullitt County,https://www.trimarc.org,Disabled Vehicle-Occupied : May be viewed on CCTV_05_65_1156,"Wed, 17 Jun 2026 05:12:11 GMT",2026-06-17T05:15:58Z
294107,294107 : I-71/75 North at MM 182.5 Just Past Turfway Road in Boone County,https://www.trimarc.org,Disabled Vehicle-Occupied : May be viewed on CCTV_06_75_1823,"Wed, 17 Jun 2026 05:13:52 GMT",2026-06-17T07:18:09Z
294111,294111 : I-64 East at MM 19.0 At I-265 in Jefferson County,https://www.trimarc.org,Disabled Vehicle-Occupied : May be viewed on CCTV_05_64_0189,"Wed, 17 Jun 2026 05:43:19 GMT",2026-06-17T07:18:09Z
294110,294110 : I-65 North at MM 124.7 Approaching I-265 in Jefferson County,https://www.trimarc.org,Crash : May be viewed on CCTV_05_65_1252.,"Wed, 17 Jun 2026 05:33:43 GMT",2026-06-17T07:18:09Z
294113,294113 : I-65 South at MM 129.9 Area of Grade Lane in Jefferson County,https://www.trimarc.org,Disabled Vehicle-Occupied : May be viewed on CCTV_05_65_1297,"Wed, 17 Jun 2026 06:51:08 GMT",2026-06-17T07:18:09Z
294114,294114 : I-71/75 North Ramp from Donaldson Highway in Kenton County,https://www.trimarc.org,Disabled Vehicle-Occupied : May be viewed on CCTV_06_75_1838,"Wed, 17 Jun 2026 07:22:52 GMT",2026-06-17T09:12:52Z
294115,294115 : I-71/75 North Ramp from Mt Zion Road in Boone County,https://www.trimarc.org,Disabled Vehicle-Occupied : May be viewed on CCTV_06_75_1781,"Wed, 17 Jun 2026 08:33:36 GMT",2026-06-17T09:12:52Z
294117,294117 : I-71 South Ramp to Pendleton Road in Henry County,https://www.trimarc.org,Disabled Vehicle-Occupied : May be viewed on CCTV_05_71_0278,"Wed, 17 Jun 2026 08:49:49 GMT",2026-06-17T09:12:52Z
294116,294116 : I-71/75 North Ramp from Mt Zion Road in Boone County,https://www.trimarc.org,Disabled Vehicle-Occupied : May be viewed on CCTV_06_75_1781,"Wed, 17 Jun 2026 08:33:36 GMT",2026-06-17T09:12:52Z
294118,294118 : I-71 South Ramp to Pendleton Road in Henry County,https://www.trimarc.org,Disabled Vehicle-Occupied : May be viewed on CCTV_05_71_0278,"Wed, 17 Jun 2026 08:49:49 GMT",2026-06-17T09:12:52Z
294110,294110 : I-65 North at MM 124.7 Approaching I-265 in Jefferson County,https://www.trimarc.org,Crash : May be viewed on CCTV_05_65_1252.,"Wed, 17 Jun 2026 04:45:00 GMT",2026-06-17T09:12:52Z
294119,294119 : I-264 West at MM 11.0 Area of Crittenden Dr. in Jefferson County,https://www.trimarc.org,Disabled Vehicle-Occupied : May be viewed on CCTV_05_264_0116,"Wed, 17 Jun 2026 10:08:52 GMT",2026-06-17T11:00:27Z
294120,294120 : I-65 North between MM 121.6 and 122.6 Just Past Brooks Hill Road in Bullitt County,https://www.trimarc.org,Crash : Incident reported in the area,"Wed, 17 Jun 2026 10:39:56 GMT",2026-06-17T11:00:27Z
294128,294128 : I-71 South Ramp to Pendleton Rd. in Jefferson County,https://www.trimarc.org,Disabled Vehicle-Occupied : May be viewed at CCTV_05_71_0278,"Wed, 17 Jun 2026 11:50:49 GMT",2026-06-17T12:38:26Z
294129,294129 : I-264 East at MM 9.5 Area of Taylor Blvd. in Jefferson County,https://www.trimarc.org,Disabled Vehicle-Occupied : May be viewed at CCTV_05_264_0093,"Wed, 17 Jun 2026 11:57:50 GMT",2026-06-17T12:38:26Z
294130,294130 : I-71 North at MM 5.6 Area of I-264 in Jefferson County,https://www.trimarc.org,Disabled Vehicle-Occupied : May be viewed on CCTV_05_71_0055,"Wed, 17 Jun 2026 12:25:53 GMT",2026-06-17T12:38:26Z
294132,294132 : I-65 North at MM 129.6 Area of Grade Ln in Jefferson County,https://www.trimarc.org,Disabled Vehicle-Occupied : May be viewed on CCTV_05_65_1297,"Wed, 17 Jun 2026 12:30:45 GMT",2026-06-17T12:38:26Z
294138,294138 : I-264 East at MM 0.4 Just Past I-64 (West End) in Jefferson County,https://www.trimarc.org,Disabled Vehicle-Occupied : May be viewed at CCTV_05_264_0007,"Wed, 17 Jun 2026 13:26:10 GMT",2026-06-17T14:03:22Z
294140,294140 : I-265 East Ramp from Bardstown Rd. in Jefferson County,https://www.trimarc.org,Disabled Vehicle-Occupied : May be viewed at CCTV_05_265_0173,"Wed, 17 Jun 2026 13:45:56 GMT",2026-06-17T14:03:22Z
294139,294139 : I-71 North at MM 8.1 Approaching I-265 in Jefferson County,https://www.trimarc.org,Roadway Debris : May be viewed on CCTV_05_71_0082,"Wed, 17 Jun 2026 13:43:48 GMT",2026-06-17T14:03:22Z
294142,294142 : I-71/75 South at MM 189.0 Area of Kyles Lane in Kenton County,https://www.trimarc.org,Disabled Vehicle-Occupied : May be viewed on camera CCTV_06_75_1886.,"Wed, 17 Jun 2026 14:10:19 GMT",2026-06-17T15:27:03Z
294145,294145 : KY 841 West at MM 9.3 Just Past I-65 in Jefferson County,https://www.trimarc.org,Disabled Vehicle-Occupied : May be viewed on CCTV_05_65_1252,"Wed, 17 Jun 2026 14:48:33 GMT",2026-06-17T15:27:03Z
294141,294141 : I-64 West at MM 12.3 Over I-264 (East End) in Jefferson County,https://www.trimarc.org,Disabled Vehicle-Occupied : Incident reported in the area.,"Wed, 17 Jun 2026 14:09:00 GMT",2026-06-17T15:27:03Z
294144,294144 : I-265 East at MM 16.7 Approaching Bardstown Rd in Jefferson County,https://www.trimarc.org,Disabled Vehicle-Occupied : May be viewed on CCTV_05_265_0173,"Wed, 17 Jun 2026 14:44:17 GMT",2026-06-17T15:27:03Z
294146,294146 : I-64 East at MM 4.3 East of 9th St in Jefferson County,https://www.trimarc.org,Crash : May be viewed on CCTV_05_64_0040,"Wed, 17 Jun 2026 15:06:50 GMT",2026-06-17T15:27:03Z
294150,294150 : I-64 East at MM 19.8 Just Past I-265 in Jefferson County,https://www.trimarc.org,Disabled Vehicle-Occupied : May be viewed at CCTV_05_64_0195,"Wed, 17 Jun 2026 16:19:35 GMT",2026-06-17T16:44:11Z
294151,294151 : I-64 East at MM 23.0 Area of Clark Station Rd in Jefferson County,https://www.trimarc.org,Disabled Vehicle-Occupied : May be viewed on CCTV_05_64_0238,"Wed, 17 Jun 2026 16:27:01 GMT",2026-06-17T16:44:11Z
294153,294153 : I-264 East Ramps to / from I-64 (East End) in Jefferson County,https://www.trimarc.org,Crash : May be viewed on CCTV_05_264_0199,"Wed, 17 Jun 2026 16:36:18 GMT",2026-06-17T16:44:11Z
294157,294157 : I-65 South at MM 128.5 Area of Fern Valley Road in Jefferson County,https://www.trimarc.org,Disabled Vehicle-Occupied : May be viewed on CCTV_05_65_1283.,"Wed, 17 Jun 2026 17:23:38 GMT",2026-06-17T17:48:23Z
294158,294158 : I-71/75 South at MM 185.0 Area of I-275 in Kenton County,https://www.trimarc.org,Disabled Vehicle-Occupied : May be viewed on camera CCTV_06_75_1847.,"Wed, 17 Jun 2026 17:44:01 GMT",2026-06-17T17:48:23Z
294161,294161 : I-471 South at MM 0.6 Area of I-275 in Campbell County,https://www.trimarc.org,Disabled Vehicle-Occupied : May be viewed on camera CCTV_06_471_0006.,"Wed, 17 Jun 2026 18:09:29 GMT",2026-06-17T18:58:52Z
294160,294160 : I-64 East at MM 2.3 Area of 22nd St. in Jefferson County,https://www.trimarc.org,Disabled Vehicle-Occupied : May be viewed at CCTV_05_64_0022,"Wed, 17 Jun 2026 17:49:03 GMT",2026-06-17T18:58:52Z
294163,294163 : I-264 West at MM 11.0 Area of Crittenden Dr in Jefferson County,https://www.trimarc.org,Disabled Vehicle-Occupied : May be viewed on CCTV_05_264_0116,"Wed, 17 Jun 2026 18:43:27 GMT",2026-06-17T18:58:52Z
294164,294164 : I-275 West at MM 81.0 West of Madison Pike in Kenton County,https://www.trimarc.org,Disabled Vehicle-Occupied : May be viewed on CCTV_06_275_0812,"Wed, 17 Jun 2026 18:44:18 GMT",2026-06-17T18:58:52Z
294165,294165 : I-64 West at MM 14.6 Area of Hurstbourne Pkwy in Jefferson County,https://www.trimarc.org,Disabled Vehicle-Occupied : May be viewed on CCTV_05_64_0150,"Wed, 17 Jun 2026 18:47:51 GMT",2026-06-17T18:58:52Z
294166,294166 : I-265 South at MM 26.6 Just Past Shelbyville RD in Jefferson County,https://www.trimarc.org,Disabled Vehicle-Occupied : May be viewed on CCTV_05_265_0268,"Wed, 17 Jun 2026 18:50:06 GMT",2026-06-17T18:58:52Z
294167,294167 : I-64 West at MM 13.2 Area of I-264 in Jefferson County,https://www.trimarc.org,Disabled Vehicle-Occupied : May be viewed on CCTV_05_64_0131,"Wed, 17 Jun 2026 18:50:16 GMT",2026-06-17T18:58:52Z
294168,294168 : KY 841 West at MM 9.9 Area of I-65 in Jefferson County,https://www.trimarc.org,Crash : May be viewed on CCTV_05_65_1252,"Wed, 17 Jun 2026 18:52:42 GMT",2026-06-17T18:58:52Z
294171,294171 : I-71 North at MM 7.6 Area of Barbour Ln in Jefferson County,https://www.trimarc.org,Disabled Vehicle-Occupied : May be viewed on CCTV_05_71_0082,"Wed, 17 Jun 2026 19:18:47 GMT",2026-06-17T19:48:56Z
294169,294169 : KY 841 West at MM 7.7 Just Past National Turnpike in Jefferson County,https://www.trimarc.org,Crash : Metrosafe reports a crash in the area,"Wed, 17 Jun 2026 18:57:48 GMT",2026-06-17T19:48:56Z
294174,294174 : I-264 East at MM 18.1 Area of Breckinridge Lane in Jefferson County,https://www.trimarc.org,Disabled Vehicle-Occupied : May be viewed on CCTV_05_264_0170,"Wed, 17 Jun 2026 19:25:22 GMT",2026-06-17T19:48:56Z
294175,294175 : I-264 West at MM 2.7 Area of Virginia Ave in Jefferson County,https://www.trimarc.org,Disabled Vehicle-Occupied : May be viewed on CCTV_05_264_0027,"Wed, 17 Jun 2026 19:29:02 GMT",2026-06-17T19:48:56Z
294177,294177 : I-265 South at MM 26.1 Area of Shelbyville Rd in Jefferson County,https://www.trimarc.org,Disabled Vehicle-Occupied : May be viewed on CCTV_05_265_0256,"Wed, 17 Jun 2026 19:43:30 GMT",2026-06-17T19:48:56Z
294176,294176 : I-264 West at MM 5.5 Area of Cane Run Rd in Jefferson County,https://www.trimarc.org,Disabled Vehicle-Occupied : May be viewed on CCTV_05_264_0052,"Wed, 17 Jun 2026 19:32:48 GMT",2026-06-17T19:48:56Z
294173,294173 : I-71 South at MM 8.7 Area of I-265 in Jefferson County,https://www.trimarc.org,Freeway Maintenance : May be viewed on CCTV_05_71_0089,"Wed, 17 Jun 2026 19:22:32 GMT",2026-06-17T19:48:56Z
294179,294179 : I-64 East at MM 3.2 Area of 22nd Street in Jefferson County,https://www.trimarc.org,Disabled Vehicle-Occupied : May be viewed on CCTV_05_64_0022,"Wed, 17 Jun 2026 19:46:15 GMT",2026-06-17T20:50:00Z
294185,294185 : I-265 East at MM 11.4 Area of Preston Hwy in Jefferson County,https://www.trimarc.org,Disabled Vehicle-Occupied : May be viewed on CCTV_05_265_0117,"Wed, 17 Jun 2026 20:38:53 GMT",2026-06-17T20:50:00Z
294170,294170 : I-64 East at MM 3.0 Before 22nd St in Jefferson County,https://www.trimarc.org,Disabled Vehicle-Occupied : May be viewed on CCTV_05_64_0022,"Wed, 17 Jun 2026 19:11:14 GMT",2026-06-17T20:50:00Z
294187,294187 : I-265 South at MM 23.4 Area of Taylorsville Rd in Jefferson County,https://www.trimarc.org,Disabled Vehicle-Occupied : May be viewed on CCTV_05_265_0231,"Wed, 17 Jun 2026 20:50:56 GMT",2026-06-17T21:43:35Z
294186,294186 : KY 841 North at MM 36.6 Before East End Tunnel in Jefferson County,https://www.trimarc.org,Disabled Vehicle-Occupied : May be viewed on CCTV_05_841_0366,"Wed, 17 Jun 2026 20:47:11 GMT",2026-06-17T21:43:35Z
294195,294195 : I-64 East at MM 19.4 Approaching English Station Rd in Jefferson County,https://www.trimarc.org,Disabled Vehicle-Occupied : May be viewed on CCTV_05_64_0195,"Wed, 17 Jun 2026 21:15:02 GMT",2026-06-17T21:43:35Z
294192,294192 : I-265 North at MM 24.1 Area of Rehl Rd in Jefferson County,https://www.trimarc.org,Disabled Vehicle-Occupied : May be viewed on CCTV_05_265_0231,"Wed, 17 Jun 2026 21:07:30 GMT",2026-06-17T21:43:35Z
294198,294198 : I-64 West Ramp to I-265 North in Jefferson County,https://www.trimarc.org,Disabled Vehicle-Occupied : May be viewed on CCTV_05_265_0256,"Wed, 17 Jun 2026 21:25:54 GMT",2026-06-17T21:43:35Z
294197,294197 : I-64 West at MM 1.2 Area of I-264 West End in Jefferson County,https://www.trimarc.org,Disabled Vehicle-Occupied : May be viewed on CCTV_05_64_0012,"Wed, 17 Jun 2026 21:23:39 GMT",2026-06-17T21:43:35Z
294188,294188 : I-265 South at MM 24.3 Area of Rehl Rd in Jefferson County,https://www.trimarc.org,Crash : May be viewed on CCTV_05_265_0231,"Wed, 17 Jun 2026 20:53:16 GMT",2026-06-17T21:43:35Z
294196,294196 : I-65 South at MM 128.6 Before Fern Valley Rd in Jefferson County,https://www.trimarc.org,Disabled Vehicle-Occupied : May be viewed on CCTV_05_65_1283,"Wed, 17 Jun 2026 21:16:42 GMT",2026-06-17T21:43:35Z
294202,294202 : I-71/75 South Ramp to Buttermilk Pike in Kenton County,https://www.trimarc.org,Disabled Vehicle-Occupied : May be viewed on CCTV_06_75_1863,"Wed, 17 Jun 2026 21:49:16 GMT",2026-06-17T22:25:30Z
294204,294204 : I-64 East Ramp to 9th St. in Jefferson County,https://www.trimarc.org,Disabled Vehicle-Occupied : May be viewed on CCTV_05_64_0041,"Wed, 17 Jun 2026 21:55:56 GMT",2026-06-17T22:25:30Z
294205,294205 : I-275 West at MM 4.8 West of KY 212/Airport in Boone County,https://www.trimarc.org,Disabled Vehicle-Occupied : May be viewed on CCTV_06_275_0048,"Wed, 17 Jun 2026 21:58:27 GMT",2026-06-17T22:25:30Z
294199,294199 : I-64 East at MM 4.6 Area of 3rd St in Jefferson County,https://www.trimarc.org,Crash : May be viewed on CCTV_05_64_0050,"Wed, 17 Jun 2026 21:40:21 GMT",2026-06-17T22:25:30Z
294204,294204 : I-64 East Ramp to 9th St. in Jefferson County,https://www.trimarc.org,Disabled Vehicle-Occupied : May be viewed on CCTV_05_64_0040,"Wed, 17 Jun 2026 21:55:56 GMT",2026-06-17T23:02:40Z
294208,294208 : I-71/75 South at MM 185.2 Area of I-275 in Kenton County,https://www.trimarc.org,Disabled Vehicle-Occupied : May be viewed on CCTV_06_75_1847,"Wed, 17 Jun 2026 23:33:13 GMT",2026-06-17T23:49:56Z
294207,294207 : I-71/75 South at MM 186.4 Area of Buttermilk Pike in Kenton County,https://www.trimarc.org,Disabled Vehicle-Occupied : May be viewed on CCTV_06_75_1863,"Wed, 17 Jun 2026 23:29:39 GMT",2026-06-17T23:49:56Z
294212,294212 : I-71/75 North at MM 178.1 Area of Mt. Zion Rd in Boone County,https://www.trimarc.org,Disabled Vehicle-Occupied : May be viewed on CCTV_06_75_1781,"Thu, 18 Jun 2026 00:57:27 GMT",2026-06-18T01:12:31Z
294211,294211 : I-265 West at MM 17.5 Area of Bardstown Rd in Jefferson County,https://www.trimarc.org,Disabled Vehicle-Occupied : May be viewed on CCTV_05_265_0173,"Thu, 18 Jun 2026 00:54:04 GMT",2026-06-18T01:12:31Z
294214,294214 : I-265 West at MM 26.0 At I-64 in Jefferson County,https://www.trimarc.org,Disabled Vehicle-Occupied : May be viewed on CCTV_05_265_0268,"Thu, 18 Jun 2026 01:22:23 GMT",2026-06-18T02:05:05Z
294217,294217 : I-264 West Ramp to I-65 South in Jefferson County,https://www.trimarc.org,Crash : May be viewed on CCTV_05_264_0116,"Thu, 18 Jun 2026 01:57:03 GMT",2026-06-18T02:05:05Z
294216,294216 : I-71/75 North Ramp from Kyles Lane in Kenton County,https://www.trimarc.org,Disabled Vehicle-Occupied : May be viewed on CCTV_06_75_1886,"Thu, 18 Jun 2026 01:33:17 GMT",2026-06-18T02:05:05Z
294220,294220 : I-264 West at MM 13.2 Just Past Poplar Level Road in Jefferson County,https://www.trimarc.org,Disabled Vehicle-Occupied : May be viewed on CCTV_05_264_0133,"Thu, 18 Jun 2026 03:37:39 GMT",2026-06-18T05:10:31Z
294222,294222 : I-64 East at MM 19.4 Just Past I-265 in Jefferson County,https://www.trimarc.org,Disabled Vehicle-Occupied : May be viewed on CCTV_05_64_0195,"Thu, 18 Jun 2026 03:54:14 GMT",2026-06-18T05:10:31Z
294223,294223 : I-71 South Ramp to Pendleton Road in Henry County,https://www.trimarc.org,Disabled Vehicle-Occupied : May be viewed on CCTV_05_71_0278,"Thu, 18 Jun 2026 03:58:20 GMT",2026-06-18T05:10:31Z
294224,294224 : I-71 South Ramp to Pendleton Road in Henry County,https://www.trimarc.org,Disabled Vehicle-Occupied : May be viewed on CCTV_05_71_0278,"Thu, 18 Jun 2026 03:58:20 GMT",2026-06-18T05:10:31Z
294226,294226 : I-264 East Ramp to I-65 in Jefferson County,https://www.trimarc.org,Disabled Vehicle-Occupied : May be viewed on CCTV_05_264_0166,"Thu, 18 Jun 2026 04:47:49 GMT",2026-06-18T05:10:31Z
294227,294227 : I-264 East Ramp to I-65 in Jefferson County,https://www.trimarc.org,Disabled Vehicle-Occupied : May be viewed on CCTV_05_264_0166,"Thu, 18 Jun 2026 04:48:04 GMT",2026-06-18T05:10:31Z
294228,294228 : I-71/75 South at MM 184.5 Area of I-275 in Kenton County,https://www.trimarc.org,Disabled Vehicle-Occupied : May be viewed on CCTV_06_75_1847,"Thu, 18 Jun 2026 04:58:13 GMT",2026-06-18T05:10:31Z
294234,294234 : I-71/75 North at MM 183.7 Before Donaldson Highway in Kenton County,https://www.trimarc.org,Disabled Vehicle-Occupied : May be viewed on CCTV_06_75_1838,"Thu, 18 Jun 2026 05:50:59 GMT",2026-06-18T06:56:26Z
294233,294233 : I-71/75 North Ramp from Mt Zion Road in Boone County,https://www.trimarc.org,Disabled Vehicle-Occupied : May be viewed on CCTV_06_75_1781,"Thu, 18 Jun 2026 05:50:02 GMT",2026-06-18T06:56:26Z
294235,294235 : I-71/75 North at MM 188.7 Just Past Kyles Lane in Kenton County,https://www.trimarc.org,Disabled Vehicle-Occupied : May be viewed on CCTV_06_75_1886,"Thu, 18 Jun 2026 06:06:15 GMT",2026-06-18T06:56:26Z
294236,294236 : I-71/75 North at MM 189.8 Area of Cut in the Hill in Kenton County,https://www.trimarc.org,Disabled Vehicle-Occupied : May be viewed on CCTV_06_75_1896,"Thu, 18 Jun 2026 06:14:15 GMT",2026-06-18T06:56:26Z
294237,294237 : I-64 East at MM 5.8 Just Past I-65 in Jefferson County,https://www.trimarc.org,Disabled Vehicle-Occupied : May be viewed on CCTV_05_64_0058,"Thu, 18 Jun 2026 06:23:59 GMT",2026-06-18T06:56:26Z
294238,294238 : I-71/75 South at MM 189.0 Approaching Kyles Lane in Kenton County,https://www.trimarc.org,Disabled Vehicle-Occupied : ay be viewed on CCTV_06_75_1886,"Thu, 18 Jun 2026 06:34:12 GMT",2026-06-18T06:56:26Z
294239,294239 : I-71 North at MM 5.7 Just Past I-264 in Jefferson County,https://www.trimarc.org,Disabled Vehicle-Occupied : May be viewed on CCTV_05_71_0055,"Thu, 18 Jun 2026 06:35:44 GMT",2026-06-18T06:56:26Z
294241,294241 : I-71/75 North Ramp from Turfway Rd. in Boone County,https://www.trimarc.org,Disabled Vehicle-Occupied : May be viewed on CCTV_06_75_1823,"Thu, 18 Jun 2026 07:03:54 GMT",2026-06-18T08:37:54Z
294240,294240 : I-65 South at MM 125.4 Approaching I-265 in Jefferson County,https://www.trimarc.org,Disabled Vehicle-Occupied : May be viewed on CCTV_05_65_1252,"Thu, 18 Jun 2026 07:02:09 GMT",2026-06-18T08:37:54Z
294244,294244 : I-71/75 North Ramp from Donaldson Highway in Kenton County,https://www.trimarc.org,Disabled Vehicle-Occupied : May be viewed on CCTV_06_75_1838,"Thu, 18 Jun 2026 07:58:23 GMT",2026-06-18T08:37:54Z
294245,294245 : I-65 South Ramp to Cedar Grove Road in Bullitt County,https://www.trimarc.org,Disabled Vehicle-Occupied : May be viewed on CCTV_05_65_1156,"Thu, 18 Jun 2026 08:00:59 GMT",2026-06-18T08:37:54Z
294246,294246 : I-65 North Ramp from Cedar Grove Road in Bullitt County,https://www.trimarc.org,Disabled Vehicle-Occupied : TRIMARC advises of an incident in the area.,"Thu, 18 Jun 2026 08:01:47 GMT",2026-06-18T08:37:54Z
294247,294247 : I-64 East at MM 19.4 Just Past I-265 in Jefferson County,https://www.trimarc.org,Disabled Vehicle-Occupied : May be viewed on CCTV_05_64_0195,"Thu, 18 Jun 2026 08:08:15 GMT",2026-06-18T08:37:54Z
294248,294248 : I-64 West at MM 19.3 Before I-265 in Jefferson County,https://www.trimarc.org,Disabled Vehicle-Occupied : May be viewed on CCTV_05_64_0195,"Thu, 18 Jun 2026 08:25:59 GMT",2026-06-18T08:37:54Z
294249,294249 : I-64 East Ramp to in Jefferson County,https://www.trimarc.org,Disabled Vehicle-Occupied : May be viewed on CCTV_05_64_0061_EB,"Thu, 18 Jun 2026 08:32:16 GMT",2026-06-18T08:37:54Z
294251,294251 : I-264 East at MM 11.8 Approaching I-65 in Jefferson County,https://www.trimarc.org,Disabled Vehicle-Occupied : May be viewed on CCTV_05_264_0116,"Thu, 18 Jun 2026 08:58:52 GMT",2026-06-18T10:12:50Z
294252,294252 : I-64 West at MM 9.4 Just Past Cannons Ln in Jefferson County,https://www.trimarc.org,Roadway Debris : TRIMARC reports incident in area.,"Thu, 18 Jun 2026 09:13:40 GMT",2026-06-18T10:12:50Z
294253,294253 : I-71 North at MM 9.8 Just Past I-265 in Jefferson County,https://www.trimarc.org,Disabled Vehicle-Occupied : May be viewed on CCTV_05_841_0349,"Thu, 18 Jun 2026 09:23:02 GMT",2026-06-18T10:12:50Z
294260,294260 : I-65 North at MM 129.0 Approaching Grade Lane in Jefferson County,https://www.trimarc.org,Disabled Vehicle-Occupied : A disabled vehicle was reported in the area.,"Thu, 18 Jun 2026 09:48:38 GMT",2026-06-18T10:12:50Z
294262,294262 : I-71 North at MM 11.2 Area of Jefferson /Oldham County Line in Jefferson County,https://www.trimarc.org,Disabled Vehicle-Occupied : May be viewed on CCTV_05_71_0116,"Thu, 18 Jun 2026 09:58:06 GMT",2026-06-18T10:12:50Z
294249,294249 : I-64 East Ramp to Story Ave in Jefferson County,https://www.trimarc.org,Disabled Vehicle-Occupied : May be viewed on CCTV_05_64_0061_EB,"Thu, 18 Jun 2026 08:32:16 GMT",2026-06-18T10:12:50Z
294264,294264 : I-71 North at MM 8.7 Before I-265 in Jefferson County,https://www.trimarc.org,Disabled Vehicle-Occupied : May be viewed on CCTV_05_71_0089,"Thu, 18 Jun 2026 10:22:09 GMT",2026-06-18T11:39:28Z
294263,294263 : I-65 North Ramp to I-264 West in Jefferson County,https://www.trimarc.org,Crash : A crash was reported in the area.,"Thu, 18 Jun 2026 10:13:58 GMT",2026-06-18T11:39:28Z
294265,294265 : I-64 East at MM 19.4 Area of I-265 in Jefferson County,https://www.trimarc.org,Disabled Vehicle-Occupied : May be viewed on CCTV_05_64_0195,"Thu, 18 Jun 2026 10:34:46 GMT",2026-06-18T11:39:28Z
294266,294266 : I-65 South Ramp from Cedar Grove Road in Bullitt County,https://www.trimarc.org,Disabled Vehicle-Occupied : May be viewed on CCTV_05_65_1156,"Thu, 18 Jun 2026 10:39:58 GMT",2026-06-18T11:39:28Z
294275,294275 : I-64 East at MM 21.0 Area of Beckley Creek Pkwy in Jefferson County,https://www.trimarc.org,Disabled Vehicle-Occupied : May be viewed on CCTV_05_64_0214,"Thu, 18 Jun 2026 11:13:50 GMT",2026-06-18T11:39:28Z
294279,294279 : I-71/75 North at MM 189.9 Area of Cut in the Hill in Kenton County,https://www.trimarc.org,Crash : May be viewed on camera CCTV_06_75_1896.,"Thu, 18 Jun 2026 11:30:05 GMT",2026-06-18T11:39:28Z
294270,294270 : I-65 North at MM 127.1 Just Past Outer Loop (Main Line) in Jefferson County,https://www.trimarc.org,Crash : May be viewed on CCTV_05_65_1267,"Thu, 18 Jun 2026 10:50:15 GMT",2026-06-18T11:39:28Z
294276,294276 : I-64 West at MM 21.2 Area of Gilliland Rd in Jefferson County,https://www.trimarc.org,Disabled Vehicle-Occupied : May be viewed on CCTV_05_64_0214,"Thu, 18 Jun 2026 11:15:39 GMT",2026-06-18T11:39:28Z
294274,294274 : I-275 East Ramp to I-471 North in Campbell County,https://www.trimarc.org,Crash : May be viewed on camera CCTV_06_275_0748.,"Thu, 18 Jun 2026 11:07:17 GMT",2026-06-18T11:39:28Z
294278,294278 : I-265 West at MM 6.6 Area of Dixie Hwy in Jefferson County,https://www.trimarc.org,Disabled Vehicle-Occupied : May be viewed on CCTV_05_264_0065,"Thu, 18 Jun 2026 11:25:53 GMT",2026-06-18T11:39:28Z
294280,294280 : I-264 East at MM 15.0 Between Newburg Road and Bardstown Road in Jefferson County,https://www.trimarc.org,Disabled Vehicle-Occupied : May be viewed on CCTV_05_264_0156,"Thu, 18 Jun 2026 11:30:24 GMT",2026-06-18T11:39:28Z
294283,294283 : I-71 South Ramp from Pendleton Rd. in Jefferson County,https://www.trimarc.org,Disabled Vehicle-Occupied : May be viewed at CCTV_05_71_0278,"Thu, 18 Jun 2026 12:01:57 GMT",2026-06-18T12:44:06Z
294284,294284 : I-71/75 North at MM 176.2 Area of Richwood Road in Boone County,https://www.trimarc.org,Disabled Vehicle-Occupied : May be viewed on camera CCTV_06_75_1758.,"Thu, 18 Jun 2026 12:06:06 GMT",2026-06-18T12:44:06Z
294287,294287 : I-264 East at MM 13.1 Area of Poplar Level Rd. in Jefferson County,https://www.trimarc.org,Disabled Vehicle-Occupied : May be viewed at CCTV_05_264_0133,"Thu, 18 Jun 2026 12:12:36 GMT",2026-06-18T12:44:06Z
294288,294288 : I-71 North at MM 8.8 Approaching I-265 in Jefferson County,https://www.trimarc.org,Disabled Vehicle-Occupied : May be viewed on CCTV_05_71_0089,"Thu, 18 Jun 2026 12:25:06 GMT",2026-06-18T12:44:06Z
294286,294286 : I-275 East at MM 78.1 Area of Taylor Mill Road in Kenton County,https://www.trimarc.org,Crash : May be viewed on camera CCTV_06_275_0788.,"Thu, 18 Jun 2026 12:11:48 GMT",2026-06-18T12:44:06Z
294292,294292 : I-264 West Collector From Shelbyville Rd in Jefferson County,https://www.trimarc.org,Road Hazard : May be viewed on CCTV_05_264_0075,"Thu, 18 Jun 2026 12:32:20 GMT",2026-06-18T12:44:06Z
294282,294282 : I-264 East at MM 16.0 Area of Bardstown Rd in Jefferson County,https://www.trimarc.org,Disabled Vehicle-Occupied : May be viewed on CCTV_05_264_0156,"Thu, 18 Jun 2026 11:56:42 GMT",2026-06-18T12:44:06Z
294293,294293 : I-64 East at MM 21.2 Area of Gilliland Rd. in Jefferson County,https://www.trimarc.org,Disabled Vehicle-Occupied : May be viewed at CCTV_05_64_0214,"Thu, 18 Jun 2026 12:38:16 GMT",2026-06-18T12:44:06Z
